epoch,time,train/box_loss,train/cls_loss,train/dfl_loss,metrics/precision(B),metrics/recall(B),metrics/mAP50(B),metrics/mAP50-95(B),val/box_loss,val/cls_loss,val/dfl_loss,lr/pg0,lr/pg1,lr/pg2
1,12.4784,0.87932,3.24978,1.19017,0,0,0,0,0,62.5906,0,3.75e-05,3.75e-05,3.75e-05
2,24.3386,0.82711,3.10165,1.1845,0,0,0,0,0,62.4483,0,8.66338e-05,8.66338e-05,8.66338e-05
3,36.0557,0.7464,2.82933,1.09061,0,0,0,0,0,62.0547,0,0.000134777,0.000134777,0.000134777
4,47.8719,0.75668,2.42653,1.11457,0,0,0,0,0,61.9534,0,0.000181931,0.000181931,0.000181931
5,59.4778,0.74561,2.01979,1.09198,0,0,0,0,0,62.1565,0,0.000228095,0.000228095,0.000228095
6,71.1971,0.72896,1.74824,1.11089,0,0,0,0,0,61.9058,0,0.000273269,0.000273269,0.000273269
7,82.7733,0.75928,1.5066,1.09569,0,0,0,0,0,61.1044,0,0.000317452,0.000317452,0.000317452
8,94.3714,0.77889,1.31334,1.14555,0,0,0,0,0,60.5416,0,0.000360646,0.000360646,0.000360646
9,105.947,0.78291,1.18762,1.18156,0,0,0,0,0,71.5489,0,0.00040285,0.00040285,0.00040285
10,117.517,0.73505,1.10418,1.1424,0,0,0,0,0,102.261,0,0.000444064,0.000444064,0.000444064
11,129.221,0.69879,0.99564,1.09433,0,0,0,0,0,193.681,0,0.000484288,0.000484288,0.000484288
12,140.825,0.74972,0.93449,1.12512,0,0,0,0,0,497.836,0,0.000523521,0.000523521,0.000523521
13,152.632,0.71971,0.89581,1.08463,0,0,0,0,0,659.605,0,0.000561765,0.000561765,0.000561765
14,164.275,0.70108,0.86181,1.09699,0,0,0,0,0,590.419,0,0.000599019,0.000599019,0.000599019
15,175.991,0.73045,0.88448,1.11128,0,0,0,0,0,437.659,0,0.000635282,0.000635282,0.000635282
16,187.643,0.74926,0.89439,1.08515,0,0,0,0,0,439.485,0,0.000670556,0.000670556,0.000670556
17,199.262,0.74616,0.84814,1.10239,0,0,0,0,0,392.902,0,0.00070484,0.00070484,0.00070484
18,210.911,0.68668,0.78185,1.08264,0,0,0,0,0,336.461,0,0.000738134,0.000738134,0.000738134
19,222.516,0.70896,0.82733,1.08489,0,0,0,0,0,257.751,0,0.000770438,0.000770438,0.000770438
20,234.093,0.69612,0.82104,1.10048,0,0,0,0,0,158.717,0,0.000801751,0.000801751,0.000801751
21,245.696,0.67158,0.75623,1.07219,0,0,0,0,0,118.763,0,0.000832075,0.000832075,0.000832075
22,257.227,0.67104,0.75563,1.04961,0,0,0,0,0,160.173,0,0.000861409,0.000861409,0.000861409
23,268.776,0.66678,0.77311,1.0469,0,0,0,0,0,153.085,0,0.000889753,0.000889753,0.000889753
24,280.632,0.66538,0.74875,1.07965,0,0,0,0,0,134.768,0,0.000917106,0.000917106,0.000917106
25,293.139,0.65412,0.74876,1.05192,0,0,0,0,0,123.086,0,0.00094347,0.00094347,0.00094347
26,305.664,0.66974,0.72771,1.0618,0,0,0,0,0,139.344,0,0.000940625,0.000940625,0.000940625
27,317.902,0.66046,0.75649,1.04037,0,0,0,0,0,143.214,0,0.00092825,0.00092825,0.00092825
28,329.499,0.65116,0.71135,1.03368,0,0,0,0,0,141.571,0,0.000915875,0.000915875,0.000915875
29,341.116,0.61244,0.71052,1.02864,0,0,0,0,0,129.675,0,0.0009035,0.0009035,0.0009035
30,352.752,0.62553,0.70221,1.04566,0,0,0,0,0,138.038,0,0.000891125,0.000891125,0.000891125
31,364.398,0.684,0.74381,1.08106,0,0,0,0,0,178.007,0,0.00087875,0.00087875,0.00087875
32,376.04,0.64304,0.7322,1.04946,0,0,0,0,0,204.93,0,0.000866375,0.000866375,0.000866375
33,387.594,0.62612,0.71102,1.05112,0,0,0,0,0,205.903,0,0.000854,0.000854,0.000854
34,399.152,0.64606,0.71554,1.02489,0,0,0,0,0,210.097,0,0.000841625,0.000841625,0.000841625
35,410.684,0.62564,0.69524,1.02847,0,0,0,0,0,219.281,0,0.00082925,0.00082925,0.00082925
36,422.299,0.62864,0.68134,1.02183,0,0,0,0,0,234.185,0,0.000816875,0.000816875,0.000816875
37,433.9,0.63077,0.69916,1.04084,0,0,0,0,0,233.424,0,0.0008045,0.0008045,0.0008045
38,445.531,0.6335,0.6801,1.05337,0,0,0,0,0,224.082,0,0.000792125,0.000792125,0.000792125
39,457.099,0.60225,0.65831,0.99955,0,0,0,0,0,218.357,0,0.00077975,0.00077975,0.00077975
40,468.684,0.60615,0.65392,0.98795,0,0,0,0,0,241.025,0,0.000767375,0.000767375,0.000767375
41,480.343,0.61985,0.643,1.01276,0,0,0,0,0,265.382,0,0.000755,0.000755,0.000755
42,491.94,0.6675,0.66406,1.0556,0,0,0,0,0,268.566,0,0.000742625,0.000742625,0.000742625
43,503.534,0.62778,0.66825,1.02566,0,0,0,0,0,262.067,0,0.00073025,0.00073025,0.00073025
44,515.09,0.6529,0.65462,1.05831,0,0,0,0,0,274.466,0,0.000717875,0.000717875,0.000717875
45,526.666,0.64671,0.63043,1.01061,0,0,0,0,0,280.613,0,0.0007055,0.0007055,0.0007055
46,538.226,0.59308,0.6336,1.02238,0,0,0,0,0,279.165,0,0.000693125,0.000693125,0.000693125
47,549.852,0.61125,0.62179,1.01618,0,0,0,0,0,281.311,0,0.00068075,0.00068075,0.00068075
48,561.408,0.59877,0.61474,1.01246,0,0,0,0,0,297.85,0,0.000668375,0.000668375,0.000668375
49,573.031,0.59627,0.62498,1.02798,0,0,0,0,0,298.238,0,0.000656,0.000656,0.000656
50,584.602,0.60291,0.59593,1.02326,0,0,0,0,0,298.235,0,0.000643625,0.000643625,0.000643625
51,596.208,0.58046,0.57737,0.97611,0,0,0,0,0,297.996,0,0.00063125,0.00063125,0.00063125
52,607.811,0.5706,0.59597,0.98863,0,0,0,0,0,289.795,0,0.000618875,0.000618875,0.000618875
53,619.436,0.59777,0.59612,1.0054,0,0,0,0,0,291.342,0,0.0006065,0.0006065,0.0006065
54,631.12,0.58733,0.59503,1.00891,0,0,0,0,0,295.917,0,0.000594125,0.000594125,0.000594125
55,642.755,0.51901,0.5712,0.95841,0,0,0,0,0,305.142,0,0.00058175,0.00058175,0.00058175
56,654.376,0.54381,0.56676,1.00399,0,0,0,0,0,314.633,0,0.000569375,0.000569375,0.000569375
57,665.988,0.55412,0.53901,0.96801,0,0,0,0,0,326.939,0,0.000557,0.000557,0.000557
58,677.597,0.59332,0.57592,1.00296,0,0,0,0,0,332.927,0,0.000544625,0.000544625,0.000544625
59,689.243,0.54264,0.57156,0.99571,0,0,0,0,0,326.856,0,0.00053225,0.00053225,0.00053225
60,700.845,0.53465,0.55835,0.98319,0,0,0,0,0,303.671,0,0.000519875,0.000519875,0.000519875
61,712.441,0.5341,0.53135,0.9706,0,0,0,0,0,280.63,0,0.0005075,0.0005075,0.0005075
62,724.086,0.52363,0.54952,0.95629,0,0,0,0,0,279.272,0,0.000495125,0.000495125,0.000495125
63,735.693,0.5132,0.55197,0.96888,0,0,0,0,0,292.463,0,0.00048275,0.00048275,0.00048275
64,747.323,0.50903,0.55239,0.97606,0,0,0,0,0,306.808,0,0.000470375,0.000470375,0.000470375
65,758.971,0.52506,0.5364,0.98205,0,0,0,0,0,309.008,0,0.000458,0.000458,0.000458
66,770.6,0.53036,0.52994,0.96993,0,0,0,0,0,307.061,0,0.000445625,0.000445625,0.000445625
67,782.244,0.49143,0.52007,0.94875,0,0,0,0,0,303.107,0,0.00043325,0.00043325,0.00043325
68,793.865,0.50625,0.53463,0.97193,0,0,0,0,0,296.209,0,0.000420875,0.000420875,0.000420875
69,805.533,0.49892,0.49151,0.93711,0,0,0,0,0,293.112,0,0.0004085,0.0004085,0.0004085
70,817.118,0.48821,0.51392,0.95522,0,0,0,0,0,293.307,0,0.000396125,0.000396125,0.000396125
71,828.776,0.5051,0.52841,0.98689,0,0,0,0,0,299.57,0,0.00038375,0.00038375,0.00038375
72,840.397,0.49348,0.50106,0.94963,0,0,0,0,0,306.856,0,0.000371375,0.000371375,0.000371375
73,851.991,0.48117,0.4995,0.94084,0,0,0,0,0,311.996,0,0.000359,0.000359,0.000359
74,863.605,0.48357,0.50327,0.97013,0,0,0,0,0,313.673,0,0.000346625,0.000346625,0.000346625
75,875.227,0.50168,0.51332,0.98782,0,0,0,0,0,303.127,0,0.00033425,0.00033425,0.00033425
76,886.823,0.4997,0.51703,0.98969,0,0,0,0,0,290.899,0,0.000321875,0.000321875,0.000321875
77,898.444,0.49976,0.50971,0.94262,0,0,0,0,0,286.558,0,0.0003095,0.0003095,0.0003095
78,910.036,0.47649,0.50163,0.93281,0,0,0,0,0,287.917,0,0.000297125,0.000297125,0.000297125
79,921.672,0.45701,0.49678,0.94056,0,0,0,0,0,293.282,0,0.00028475,0.00028475,0.00028475
80,933.232,0.47615,0.50094,0.95238,0,0,0,0,0,302.276,0,0.000272375,0.000272375,0.000272375
81,944.843,0.45826,0.48558,0.93672,0,0,0,0,0,314.832,0,0.00026,0.00026,0.00026
82,956.462,0.47002,0.51903,0.96042,0,0,0,0,0,321.912,0,0.000247625,0.000247625,0.000247625
83,968.067,0.45255,0.47831,0.92738,0,0,0,0,0,326.242,0,0.00023525,0.00023525,0.00023525
84,979.667,0.47946,0.4841,0.94072,0,0,0,0,0,327.681,0,0.000222875,0.000222875,0.000222875
85,991.305,0.46399,0.50593,0.96328,0,0,0,0,0,330.038,0,0.0002105,0.0002105,0.0002105
86,1002.92,0.4649,0.48687,0.9385,0,0,0,0,0,332.899,0,0.000198125,0.000198125,0.000198125
87,1014.59,0.44786,0.48615,0.95377,0,0,0,0,0,335.198,0,0.00018575,0.00018575,0.00018575
88,1026.21,0.45449,0.48775,0.9547,0,0,0,0,0,336.849,0,0.000173375,0.000173375,0.000173375
89,1037.84,0.4335,0.47698,0.92983,0,0,0,0,0,337.17,0,0.000161,0.000161,0.000161
90,1049.47,0.45777,0.49747,0.95771,0,0,0,0,0,338.409,0,0.000148625,0.000148625,0.000148625
91,1061.17,0.41351,0.5651,0.91923,0,0,0,0,0,343.323,0,0.00013625,0.00013625,0.00013625
92,1072.68,0.42893,0.54936,0.89784,0,0,0,0,0,340.165,0,0.000123875,0.000123875,0.000123875
93,1084.39,0.42396,0.56265,0.94643,0,0,0,0,0,330.225,0,0.0001115,0.0001115,0.0001115
94,1095.83,0.37645,0.5146,0.87399,0,0,0,0,0,318.508,0,9.9125e-05,9.9125e-05,9.9125e-05
95,1107.32,0.40817,0.5359,0.94131,0,0,0,0,0,310.234,0,8.675e-05,8.675e-05,8.675e-05
96,1118.77,0.41633,0.54115,0.90733,0,0,0,0,0,306.266,0,7.4375e-05,7.4375e-05,7.4375e-05
97,1130.26,0.404,0.55474,0.92905,0,0,0,0,0,306.035,0,6.2e-05,6.2e-05,6.2e-05
98,1141.75,0.39655,0.51754,0.92393,0,0,0,0,0,308.42,0,4.9625e-05,4.9625e-05,4.9625e-05
99,1153.2,0.37576,0.51307,0.8843,0,0,0,0,0,315.283,0,3.725e-05,3.725e-05,3.725e-05
100,1164.68,0.36289,0.50386,0.87547,0,0,0,0,0,322.949,0,2.4875e-05,2.4875e-05,2.4875e-05
